[{"id":"1c09dc33.934504","type":"comment","z":"166069bc.648516","name":"Use JSONata expression for switch value","info":"Switch node can use JSONata expression for calculating complex switch value.","x":200,"y":60,"wires":[]},{"id":"c7ca4974.d638f8","type":"switch","z":"166069bc.648516","name":"","property":"(payload % 2) = 0","propertyType":"jsonata","rules":[{"t":"true"},{"t":"false"}],"checkall":"false","repair":false,"outputs":2,"x":290,"y":140,"wires":[["ac921b1d.c0dbe8"],["89adcfcc.53d6d"]]},{"id":"ab8972e0.e98b7","type":"debug","z":"166069bc.648516","name":"","active":true,"tosidebar":true,"console":false,"tostatus":false,"complete":"false","statusVal":"","statusType":"auto","x":590,"y":100,"wires":[]},{"id":"89adcfcc.53d6d","type":"change","z":"166069bc.648516","name":"Odd","rules":[{"t":"set","p":"payload","pt":"msg","to":"odd","tot":"str"}],"action":"","property":"","from":"","to":"","reg":false,"x":430,"y":180,"wires":[["426c68cf.64f0e8"]]},{"id":"ac921b1d.c0dbe8","type":"change","z":"166069bc.648516","name":"Even","rules":[{"t":"set","p":"payload","pt":"msg","to":"even","tot":"str"}],"action":"","property":"","from":"","to":"","reg":false,"x":430,"y":100,"wires":[["ab8972e0.e98b7"]]},{"id":"426c68cf.64f0e8","type":"debug","z":"166069bc.648516","name":"","active":true,"tosidebar":true,"console":false,"tostatus":false,"complete":"false","statusVal":"","statusType":"auto","x":590,"y":180,"wires":[]},{"id":"63377f1c.2fbfc","type":"inject","z":"166069bc.648516","name":"","props":[{"p":"payload"},{"p":"topic","vt":"str"}],"repeat":"","crontab":"","once":false,"onceDelay":0.1,"topic":"","payload":"7","payloadType":"num","x":150,"y":100,"wires":[["c7ca4974.d638f8"]]},{"id":"ea2fa596.ff1638","type":"inject","z":"166069bc.648516","name":"","props":[{"p":"payload"},{"p":"topic","vt":"str"}],"repeat":"","crontab":"","once":false,"onceDelay":0.1,"topic":"","payload":"8","payloadType":"num","x":150,"y":180,"wires":[["c7ca4974.d638f8"]]}]