[{"id":"61ee9b5c.b9e474","type":"comment","z":"c7e3a049.f68d8","name":"Recreate message sequence","info":"Switch node can recreate message sequence from input message sequence for each output port.","x":160,"y":60,"wires":[]},{"id":"e3a71ee7.ec465","type":"switch","z":"c7e3a049.f68d8","name":"","property":"payload","propertyType":"msg","rules":[{"t":"gt","v":"0","vt":"str"},{"t":"else"}],"checkall":"true","repair":true,"outputs":2,"x":490,"y":140,"wires":[["f5f59cc2.a358f"],["ea61fc1e.afc62"]]},{"id":"5fd951bb.c150e","type":"debug","z":"c7e3a049.f68d8","name":"","active":true,"tosidebar":true,"console":false,"tostatus":false,"complete":"false","statusVal":"","statusType":"auto","x":810,"y":100,"wires":[]},{"id":"cc02b428.9abb38","type":"debug","z":"c7e3a049.f68d8","name":"","active":true,"tosidebar":true,"console":false,"tostatus":false,"complete":"false","statusVal":"","statusType":"auto","x":810,"y":180,"wires":[]},{"id":"5ad82808.648ef8","type":"inject","z":"c7e3a049.f68d8","name":"","props":[{"p":"payload"},{"p":"topic","vt":"str"}],"repeat":"","crontab":"","once":false,"onceDelay":0.1,"topic":"","payload":"[3, -2, -1, 1, -3, 2]","payloadType":"json","x":180,"y":140,"wires":[["5f435601.bb9ef8"]]},{"id":"5f435601.bb9ef8","type":"split","z":"c7e3a049.f68d8","name":"","splt":"\\n","spltType":"str","arraySplt":1,"arraySpltType":"len","stream":false,"addname":"","x":350,"y":140,"wires":[["e3a71ee7.ec465"]]},{"id":"f5f59cc2.a358f","type":"join","z":"c7e3a049.f68d8","name":"Positive","mode":"auto","build":"string","property":"payload","propertyType":"msg","key":"topic","joiner":"\\n","joinerType":"str","accumulate":false,"timeout":"","count":"","reduceRight":false,"reduceExp":"","reduceInit":"","reduceInitType":"","reduceFixup":"","x":640,"y":100,"wires":[["5fd951bb.c150e"]]},{"id":"ea61fc1e.afc62","type":"join","z":"c7e3a049.f68d8","name":"Negative","mode":"auto","build":"string","property":"payload","propertyType":"msg","key":"topic","joiner":"\\n","joinerType":"str","accumulate":false,"timeout":"","count":"","reduceRight":false,"reduceExp":"","reduceInit":"","reduceInitType":"","reduceFixup":"","x":640,"y":180,"wires":[["cc02b428.9abb38"]]}]