[{"id":"87bd706a.aec93","type":"comment","z":"3ae4b3d9.1f77bc","name":"Delay message","info":"Delay node can delay sending input message to output port by a specified amount of time.","x":160,"y":60,"wires":[]},{"id":"1d17715c.34170f","type":"inject","z":"3ae4b3d9.1f77bc","name":"","props":[{"p":"payload"},{"p":"topic","vt":"str"}],"repeat":"","crontab":"","once":false,"onceDelay":0.1,"topic":"","payload":"Hello, World!","payloadType":"str","x":210,"y":120,"wires":[["26b43de5.4df8f2","9930fecd.ee0c8"]]},{"id":"9930fecd.ee0c8","type":"debug","z":"3ae4b3d9.1f77bc","name":"","active":true,"tosidebar":true,"console":false,"tostatus":false,"complete":"false","statusVal":"","statusType":"auto","x":410,"y":120,"wires":[]},{"id":"26b43de5.4df8f2","type":"delay","z":"3ae4b3d9.1f77bc","name":"","pauseType":"delay","timeout":"3","timeoutUnits":"seconds","rate":"1","nbRateUnits":"1","rateUnits":"second","randomFirst":"1","randomLast":"5","randomUnits":"seconds","drop":false,"x":400,"y":180,"wires":[["c8c2796c.dcb9f8"]]},{"id":"c8c2796c.dcb9f8","type":"change","z":"3ae4b3d9.1f77bc","name":"Goodbye, World!","rules":[{"t":"set","p":"payload","pt":"msg","to":"Goodbye, World!","tot":"str"}],"action":"","property":"","from":"","to":"","reg":false,"x":590,"y":180,"wires":[["c58a290e.2fa438"]]},{"id":"c58a290e.2fa438","type":"debug","z":"3ae4b3d9.1f77bc","name":"","active":true,"tosidebar":true,"console":false,"tostatus":false,"complete":"false","statusVal":"","statusType":"auto","x":790,"y":180,"wires":[]}]