[{"id":"c15b8c3e.955ed","type":"comment","z":"6f1773ed.b7c2fc","name":"Delay message by message property","info":"Delay node can delay sending input message to output port by a specified amount of time by  `msg.delay` property.","x":210,"y":60,"wires":[]},{"id":"a5ed5817.9df448","type":"inject","z":"6f1773ed.b7c2fc","name":"","props":[{"p":"payload"},{"p":"topic","vt":"str"},{"p":"delay","v":"1000","vt":"num"}],"repeat":"","crontab":"","once":false,"onceDelay":0.1,"topic":"","payload":"delay 1s","payloadType":"str","x":180,"y":120,"wires":[["5cf53f4.25b7ec","59b7b67a.a8e888"]]},{"id":"59b7b67a.a8e888","type":"debug","z":"6f1773ed.b7c2fc","name":"","active":true,"tosidebar":true,"console":false,"tostatus":false,"complete":"false","statusVal":"","statusType":"auto","x":390,"y":120,"wires":[]},{"id":"5cf53f4.25b7ec","type":"delay","z":"6f1773ed.b7c2fc","name":"","pauseType":"delayv","timeout":"5","timeoutUnits":"seconds","rate":"1","nbRateUnits":"1","rateUnits":"second","randomFirst":"1","randomLast":"5","randomUnits":"seconds","drop":false,"x":380,"y":180,"wires":[["fc989f41.c4114"]]},{"id":"fc989f41.c4114","type":"change","z":"6f1773ed.b7c2fc","name":"Goodbye, World!","rules":[{"t":"set","p":"payload","pt":"msg","to":"Goodbye, World!","tot":"str"}],"action":"","property":"","from":"","to":"","reg":false,"x":570,"y":180,"wires":[["74ba3d1c.666034"]]},{"id":"74ba3d1c.666034","type":"debug","z":"6f1773ed.b7c2fc","name":"","active":true,"tosidebar":true,"console":false,"tostatus":false,"complete":"false","statusVal":"","statusType":"auto","x":770,"y":180,"wires":[]},{"id":"6cdf7297.bf5a8c","type":"inject","z":"6f1773ed.b7c2fc","name":"","props":[{"p":"payload"},{"p":"topic","vt":"str"},{"p":"delay","v":"10000","vt":"num"}],"repeat":"","crontab":"","once":false,"onceDelay":0.1,"topic":"","payload":"delay 10s","payloadType":"str","x":180,"y":180,"wires":[["59b7b67a.a8e888","5cf53f4.25b7ec"]]}]