[{"id":"2d14f1a7.e776ce","type":"comment","z":"39759fee.3ffb6","name":"Slow down messages passing through a flow","info":"Delay node can be used to slow down messages passing through a flow.\n\nSee Node-RED cookbook [item](https://cookbook.nodered.org/basic/rate-limit-messages).","x":230,"y":80,"wires":[]},{"id":"af78b43e.9817d8","type":"inject","z":"39759fee.3ffb6","name":"Inject Array","repeat":"","crontab":"","once":false,"onceDelay":0.1,"topic":"","payload":"[0,1,2,3,4,5,6,7,8,9]","payloadType":"json","x":190,"y":140,"wires":[["a35943e3.eaf0a"]]},{"id":"a35943e3.eaf0a","type":"split","z":"39759fee.3ffb6","name":"","splt":"\\n","spltType":"str","arraySplt":1,"arraySpltType":"len","stream":false,"addname":"","x":330,"y":140,"wires":[["23eacc60.7290a4"]]},{"id":"23eacc60.7290a4","type":"delay","z":"39759fee.3ffb6","name":"","pauseType":"rate","timeout":"5","timeoutUnits":"seconds","rate":"1","nbRateUnits":"1","rateUnits":"second","randomFirst":"1","randomLast":"5","randomUnits":"seconds","drop":false,"x":470,"y":140,"wires":[["b5b7746a.53bf88"]]},{"id":"b5b7746a.53bf88","type":"debug","z":"39759fee.3ffb6","name":"Debug","active":true,"tosidebar":true,"console":false,"tostatus":false,"complete":"payload","targetType":"msg","x":610,"y":140,"wires":[]}]