[{"id":"827a48c0.912d88","type":"comment","z":"ff17dfa9.8fa6d","name":"Map property between different numeric ranges","info":"Range node can scale a number from one numeric range to another.\n\nSee Node-RED cookbook [item](https://cookbook.nodered.org/basic/map-between-different-number-ranges).","x":240,"y":60,"wires":[]},{"id":"bb23bd77.ce725","type":"inject","z":"ff17dfa9.8fa6d","name":"","repeat":"","crontab":"","once":false,"topic":"","payload":"0","payloadType":"num","x":170,"y":120,"wires":[["42ed281c.790b38"]]},{"id":"42ed281c.790b38","type":"range","z":"ff17dfa9.8fa6d","minin":"0","maxin":"1023","minout":"0","maxout":"5","action":"clamp","round":false,"name":"","x":390,"y":160,"wires":[["56e6dd0f.436c24"]]},{"id":"54659d5c.0283e4","type":"inject","z":"ff17dfa9.8fa6d","name":"","repeat":"","crontab":"","once":false,"topic":"","payload":"512","payloadType":"num","x":170,"y":160,"wires":[["42ed281c.790b38"]]},{"id":"85ce0127.07b06","type":"inject","z":"ff17dfa9.8fa6d","name":"","repeat":"","crontab":"","once":false,"topic":"","payload":"1023","payloadType":"num","x":170,"y":200,"wires":[["42ed281c.790b38"]]},{"id":"56e6dd0f.436c24","type":"debug","z":"ff17dfa9.8fa6d","name":"","active":true,"console":"false","complete":"false","x":590,"y":160,"wires":[]}]