[{"id":"30ed0a73.fcef86","type":"comment","z":"61feb619.5e3d68","name":"Formatting output using JSONata","info":"Debug node can format output value using JSONata expression.","x":200,"y":60,"wires":[]},{"id":"6f477e7d.3a8da","type":"inject","z":"61feb619.5e3d68","name":"","props":[{"p":"payload","v":"Hello, World!","vt":"str"},{"p":"topic","v":"Sample","vt":"string"}],"repeat":"","crontab":"","once":false,"onceDelay":0.1,"topic":"Sample","payload":"Hello, World!","payloadType":"str","x":220,"y":100,"wires":[["19c9408d.ac6d4f"]]},{"id":"19c9408d.ac6d4f","type":"debug","z":"61feb619.5e3d68","name":"","active":true,"tosidebar":true,"console":false,"tostatus":false,"complete":"\"[\" & topic & \"] \" & payload","targetType":"jsonata","x":420,"y":100,"wires":[]}]