[{"id":"eaf91a6b.a55da8","type":"comment","z":"73a69428.bf4fec","name":"Advanced mustache example","info":"Template node can create a string value using [Mustache](http://mustache.github.io/mustache.5.html) syntax.","x":200,"y":80,"wires":[]},{"id":"61fbfe34.14a02","type":"inject","z":"73a69428.bf4fec","name":"Price of fruits","props":[{"p":"payload"},{"p":"topic","vt":"str"}],"repeat":"","crontab":"","once":false,"onceDelay":0.1,"topic":"Fruits","payload":"[{\"name\":\"apple\",\"price\":100},{\"name\":\"orange\",\"price\":80},{\"name\":\"banana\",\"price\":210}]","payloadType":"json","x":210,"y":140,"wires":[["bf0cb02.d8e4b5"]]},{"id":"bf0cb02.d8e4b5","type":"template","z":"73a69428.bf4fec","name":"","field":"payload","fieldType":"msg","format":"handlebars","syntax":"mustache","template":"# Price List of {{topic}}\n\n{{! outputs list of prices }}\n{{#payload}}\n- {{name}}: {{price}}\n{{/payload}}\n","output":"str","x":380,"y":140,"wires":[["153eb0ff.5622df"]]},{"id":"153eb0ff.5622df","type":"debug","z":"73a69428.bf4fec","name":"","active":true,"tosidebar":true,"console":false,"tostatus":false,"complete":"false","statusVal":"","statusType":"auto","x":550,"y":140,"wires":[]}]