[{"id":"fe821493.2e0e28","type":"comment","z":"1e6bd604.afc8fa","name":"Parse result as JSON","info":"Template node can create a string value using [Mustache](http://mustache.github.io/mustache.5.html) syntax.\nIf `Partsed JSON` output is selected, the created string is parsed as JSON format and JavaScript object is send as an output payload value.","x":160,"y":60,"wires":[]},{"id":"931f94e8.592cd8","type":"inject","z":"1e6bd604.afc8fa","name":"","props":[{"p":"payload"},{"p":"topic","vt":"str"}],"repeat":"","crontab":"","once":false,"onceDelay":0.1,"topic":"message","payload":"Hello, World!","payloadType":"str","x":220,"y":120,"wires":[["bb2b0dad.b24b5"]]},{"id":"bb2b0dad.b24b5","type":"template","z":"1e6bd604.afc8fa","name":"JSON template","field":"payload","fieldType":"msg","format":"json","syntax":"mustache","template":"{\n    \"key\" : \"{{topic}}\",\n    \"value\": \"{{payload}}\"\n}\n","output":"json","x":440,"y":120,"wires":[["baf2e48.2b97418"]]},{"id":"baf2e48.2b97418","type":"debug","z":"1e6bd604.afc8fa","name":"","active":true,"tosidebar":true,"console":false,"tostatus":false,"complete":"false","statusVal":"","statusType":"auto","x":630,"y":120,"wires":[]}]