{
    "*": {
        "alt-shift-p":"core:manage-palette",
        "ctrl-f": "core:search",
        "ctrl-shift-f": "core:list-flows",
        "ctrl-d": "core:deploy-flows",
        "ctrl-g c": "core:show-config-tab",
        "ctrl-g d": "core:show-debug-tab",
        "ctrl-g h": "core:show-help-tab",
        "ctrl-g i": "core:show-info-tab",
        "ctrl-g v": "core:show-version-control-tab",
        "ctrl-g x": "core:show-context-tab",
        "ctrl-e": "core:show-export-dialog",
        "ctrl-i": "core:show-import-dialog",
        "ctrl-space": "core:toggle-sidebar",
        "ctrl-p": "core:toggle-palette",
        "ctrl-,": "core:show-user-settings",
        "ctrl-alt-l": "core:clear-debug-messages",
        "ctrl-alt-r": "core:show-remote-diff",
        "ctrl-alt-n": "core:new-project",
        "ctrl-alt-o": "core:open-project",
        "ctrl-shift-l": "core:show-event-log",
        "ctrl-shift-p":"core:show-action-list"
    },
    "red-ui-sidebar-node-config": {
        "backspace": "core:delete-config-selection",
        "delete": "core:delete-config-selection",
        "ctrl-a": "core:select-all-config-nodes",
        "ctrl-z": "core:undo",
        "ctrl-y": "core:redo"
    },
    "red-ui-workspace": {
        "backspace": "core:delete-selection",
        "ctrl-backspace": "core:delete-selection-and-reconnect",
        "delete": "core:delete-selection",
        "ctrl-delete": "core:delete-selection-and-reconnect",
        "enter": "core:edit-selected-node",
        "ctrl-enter": "core:go-to-selection",
        "ctrl-c": "core:copy-selection-to-internal-clipboard",
        "ctrl-x": "core:cut-selection-to-internal-clipboard",
        "ctrl-v": "core:paste-from-internal-clipboard",
        "ctrl-z": "core:undo",
        "ctrl-y": "core:redo",
        "ctrl-a": "core:select-all-nodes",
        "escape": "core:select-none",
        "alt-s u": "core:select-upstream-nodes",
        "alt-s d": "core:select-downstream-nodes",
        "alt-s c": "core:select-connected-nodes",
        "shift-?": "core:show-help",
        "w": "core:scroll-view-up",
        "d": "core:scroll-view-right",
        "s": "core:scroll-view-down",
        "a": "core:scroll-view-left",
        "shift-w": "core:step-view-up",
        "shift-d": "core:step-view-right",
        "shift-s": "core:step-view-down",
        "shift-a": "core:step-view-left",
        "ctrl-up": "core:move-selection-up",
        "ctrl-right": "core:move-selection-right",
        "ctrl-down": "core:move-selection-down",
        "ctrl-left": "core:move-selection-left",
        "shift-up": "core:step-selection-up",
        "shift-right": "core:step-selection-right",
        "shift-down": "core:step-selection-down",
        "shift-left": "core:step-selection-left",
        "ctrl-[": "core:show-previous-tab",
        "ctrl-]": "core:show-next-tab",
        "ctrl-shift-left": "core:go-to-previous-location",
        "ctrl-shift-right": "core:go-to-next-location",
        "ctrl-shift-g": "core:group-selection",
        "ctrl-shift-u": "core:ungroup-selection",
        "ctrl-shift-c": "core:copy-group-style",
        "ctrl-shift-v": "core:paste-group-style",
        "right": "core:go-to-nearest-node-on-right",
        "left": "core:go-to-nearest-node-on-left",
        "up": "core:go-to-nearest-node-above",
        "down": "core:go-to-nearest-node-below",
        "alt-a g": "core:align-selection-to-grid",
        "alt-a l": "core:align-selection-to-left",
        "alt-a r": "core:align-selection-to-right",
        "alt-a t": "core:align-selection-to-top",
        "alt-a b": "core:align-selection-to-bottom",
        "alt-a m": "core:align-selection-to-middle",
        "alt-a c": "core:align-selection-to-center",
        "alt-a h": "core:distribute-selection-horizontally",
        "alt-a v": "core:distribute-selection-vertically",
        "shift-f": "core:search-previous",
        "f": "core:search-next",
        "alt-l l": "core:split-wire-with-link-nodes",
        "alt-w": "core:hide-flow",
        "alt-shift-w": "core:show-last-hidden-flow",
        "ctrl-+": "core:zoom-in",
        "ctrl--": "core:zoom-out",
        "ctrl-0": "core:zoom-reset"

     },
     "red-ui-editor-stack": {
        "ctrl-enter": "core:confirm-edit-tray",
        "ctrl-escape": "core:cancel-edit-tray"
     }
}
