[{"id":"670fff8d.c60e2","type":"comment","z":"f000890e.5078a8","name":"Delete message property","info":"Change node can delete a message property.\n\nSee Node-RED cookbook [item](https://cookbook.nodered.org/basic/delete-message-property).","x":170,"y":60,"wires":[]},{"id":"6708b393.04895c","type":"inject","z":"f000890e.5078a8","name":"","topic":"","payload":"","payloadType":"date","repeat":"","crontab":"","once":false,"x":180,"y":120,"wires":[["d8757f71.765a9"]]},{"id":"d8757f71.765a9","type":"change","z":"f000890e.5078a8","name":"","rules":[{"t":"delete","p":"payload","pt":"msg"}],"action":"","property":"","from":"","to":"","reg":false,"x":390,"y":120,"wires":[["20c077b.e11c188"]]},{"id":"20c077b.e11c188","type":"debug","z":"f000890e.5078a8","name":"","active":true,"console":"false","complete":"false","x":590,"y":120,"wires":[]}]